-- MySQL dump 10.13  Distrib 8.0.26, for Win64 (x86_64)
--
-- Host: localhost    Database: oms
-- ------------------------------------------------------
-- Server version	8.0.26

/*!40101 SET @OLD_CHARACTER_SET_CLIENT=@@CHARACTER_SET_CLIENT */;
/*!40101 SET @OLD_CHARACTER_SET_RESULTS=@@CHARACTER_SET_RESULTS */;
/*!40101 SET @OLD_COLLATION_CONNECTION=@@COLLATION_CONNECTION */;
/*!50503 SET NAMES utf8mb4 */;
/*!40103 SET @OLD_TIME_ZONE=@@TIME_ZONE */;
/*!40103 SET TIME_ZONE='+00:00' */;
/*!40014 SET @OLD_UNIQUE_CHECKS=@@UNIQUE_CHECKS, UNIQUE_CHECKS=0 */;
/*!40014 SET @OLD_FOREIGN_KEY_CHECKS=@@FOREIGN_KEY_CHECKS, FOREIGN_KEY_CHECKS=0 */;
/*!40101 SET @OLD_SQL_MODE=@@SQL_MODE, SQL_MODE='NO_AUTO_VALUE_ON_ZERO' */;
/*!40111 SET @OLD_SQL_NOTES=@@SQL_NOTES, SQL_NOTES=0 */;

--
-- Current Database: `oms`
--

/*!40000 DROP DATABASE IF EXISTS `oms`*/;

CREATE DATABASE /*!32312 IF NOT EXISTS*/ `oms` /*!40100 DEFAULT CHARACTER SET utf8 COLLATE utf8_unicode_ci */ /*!80016 DEFAULT ENCRYPTION='N' */;

USE `oms`;

--
-- Table structure for table `basetype`
--

DROP TABLE IF EXISTS `basetype`;
/*!40101 SET @saved_cs_client     = @@character_set_client */;
/*!50503 SET character_set_client = utf8mb4 */;
CREATE TABLE `basetype` (
  `baseid` varchar(50) CHARACTER SET utf8 COLLATE utf8_unicode_ci NOT NULL,
  `bname` varchar(200) CHARACTER SET utf8 COLLATE utf8_unicode_ci NOT NULL,
  PRIMARY KEY (`baseid`)
) ENGINE=InnoDB DEFAULT CHARSET=utf8mb3 COLLATE=utf8_unicode_ci;
/*!40101 SET character_set_client = @saved_cs_client */;

--
-- Dumping data for table `basetype`
--

LOCK TABLES `basetype` WRITE;
/*!40000 ALTER TABLE `basetype` DISABLE KEYS */;
INSERT INTO `basetype` VALUES ('T-001','สารน้ำ'),('T-002','ชุดตรวจ'),('T-003','อุปกรณ์/เวชภัณฑ์'),('T-004','งานบ้าน'),('T-005','วัสดุุสำนักงาน'),('T-006','วัสดุการเกษตร'),('T-007','อื่น ๆ');
/*!40000 ALTER TABLE `basetype` ENABLE KEYS */;
UNLOCK TABLES;

--
-- Table structure for table `dochead`
--

DROP TABLE IF EXISTS `dochead`;
/*!40101 SET @saved_cs_client     = @@character_set_client */;
/*!50503 SET character_set_client = utf8mb4 */;
CREATE TABLE `dochead` (
  `docno` varchar(50) CHARACTER SET utf8 COLLATE utf8_unicode_ci NOT NULL,
  `docdate` date NOT NULL,
  `venderid` varchar(20) CHARACTER SET utf8 COLLATE utf8_unicode_ci NOT NULL,
  `vname` varchar(200) CHARACTER SET utf8 COLLATE utf8_unicode_ci NOT NULL,
  `quonumber` varchar(50) CHARACTER SET utf8 COLLATE utf8_unicode_ci DEFAULT NULL,
  `recnumber` varchar(50) CHARACTER SET utf8 COLLATE utf8_unicode_ci DEFAULT NULL,
  `status` varchar(3) CHARACTER SET utf8 COLLATE utf8_unicode_ci DEFAULT NULL,
  `editdate` date DEFAULT NULL,
  `deletedate` date DEFAULT NULL,
  `confdate` date DEFAULT NULL,
  `totalamount` double DEFAULT NULL,
  `discount` double DEFAULT NULL,
  `vat` double DEFAULT NULL,
  `grandamount` double DEFAULT NULL,
  `mark` varchar(200) CHARACTER SET utf8 COLLATE utf8_unicode_ci DEFAULT NULL,
  `vtype` varchar(5) CHARACTER SET utf8 COLLATE utf8_unicode_ci DEFAULT NULL,
  PRIMARY KEY (`docno`)
) ENGINE=InnoDB DEFAULT CHARSET=utf8mb3 COLLATE=utf8_unicode_ci;
/*!40101 SET character_set_client = @saved_cs_client */;

--
-- Dumping data for table `dochead`
--

LOCK TABLES `dochead` WRITE;
/*!40000 ALTER TABLE `dochead` DISABLE KEYS */;
INSERT INTO `dochead` VALUES ('PR6409-001','2564-09-05','V-048','บริษัท สหธุรกิจ จำกัด','6407018','','WC','2564-09-16','1990-01-01','2564-09-06',47825,0,3347.75,51172.75,'ขอแค่ใบเสนอราคา ยังไม่ส่งของ','Excl'),('PR6409-002','2564-09-05','V-038','บริษัท อี ฟอร์ แอล เอม จำกัด (มหาชน)','AIMLQ-L4-07-64/009','','WC','2564-09-16','1990-01-01','1990-01-01',90000,0,6300,96300,'','Incl'),('PR6409-003','2564-09-05','V-002','บริษัท ซิลลิค ฟาร์มา จำกัด-Zoetis','','1167703637','WC','2564-09-06','1990-01-01','1990-01-01',34560,0,2419.2,36979.2,'ส่งของแล้ว  วันที่ 5-07-64\nขาดใบเสนอราคา','Excl'),('PR6409-004','2564-09-06','V-002','บริษัท ซิลลิค ฟาร์มา จำกัด-Zoetis','','1167707243','WC','2564-09-06','1990-01-01','1990-01-01',10800,0,756,11556,'ส่งของแล้ว วันที่ 5/7/64\nขาดใบเสนอราคา','Excl'),('PR6409-005','2564-09-06','V-002','บริษัท ซิลลิค ฟาร์มา จำกัด-Zoetis','','1167793997','WC','2564-09-16','1990-01-01','1990-01-01',3480,0,243.6,3723.6,'ส่งของแล้ว วันที่ 19/7/64\nขาดใบเสนอราคา','Excl'),('PR6409-006','2564-09-06','V-015','บริษัท แอนิเทค โทเทิล โซลูชั่น จำกัด','ATS(PET)284/2564','3350173235','WC','2564-09-06','1990-01-01','1990-01-01',9094,0,636.58,9730.58,'ส่งของพร้อมใบเสนอราคาแล้ว','Excl'),('PR6409-007','2564-09-06','V-013','บริษัท ดีเคเอสเอช (ประเทศไทย) จำกัด-บี.บราวน์','07300344','5334341135','WC','2564-09-16','1990-01-01','1990-01-01',59400,0,4158,63558,'ส่งของแล้ว 6/7/64','Excl'),('PR6409-008','2564-09-06','V-013','บริษัท ดีเคเอสเอช (ประเทศไทย) จำกัด-บี.บราวน์','07300442','5334325690','WC','2564-09-16','1990-01-01','1990-01-01',42000,0,2940,44940,'ส่งของแล้ว 5/7/64','Excl'),('PR6409-009','2564-09-06','V-013','บริษัท ดีเคเอสเอช (ประเทศไทย) จำกัด-บี.บราวน์','06302434','5334329566','WC','2564-09-06','1990-01-01','1990-01-01',15200,0,1064,16264,'ส่งของแล้ว 5/7/64','Excl'),('PR6409-010','2564-09-06','V-004','บริษัท เพ็ด เอ็กซ์ จำกัด','','IDX2107-0262','WC','2564-09-06','1990-01-01','1990-01-01',112485.98,0,7874.02,120360,'ส่งของแล้ว 8/7/64\nขาดใบเสนอราคา','Excl'),('PR6409-011','2564-09-06','V-042','บริษัท อาฟต้า เซอร์วิส แอนด์ ซัพพลาย จำกัด','AQ1570/2021','RT0003940','WC','2564-09-16','1990-01-01','1990-01-01',3738.32,0,261.68,4000,'ส่งของแล้ว 12/7/64 (ใบยืมสินค้า)','Incl'),('PR6409-012','2564-09-06','V-011','บริษัท เจ.เอฟ.แอดวาน เมด จำกัด','SO202107-0148','48838','WC','2564-09-06','1990-01-01','1990-01-01',91200,0,6384,97584,'ส่งของแล้ว 12/7/64  จำนวน 10 กล่อง','Excl'),('PR6409-013','2564-09-06','V-011','บริษัท เจ.เอฟ.แอดวาน เมด จำกัด','SO202108-0088','4844','WC','2564-09-06','1990-01-01','1990-01-01',40320,0,2822.4,43142.4,'ส่งของแล้ว 10/8/64 (ครบ)\nส่ง V-BA 14 กล่อง (ครบ)\nส่ง Cortisol 4 กล่อง (ครบ)','Excl'),('PR6409-014','2564-09-06','V-043','ธานี ซัพพลาย','3877','','WC','2564-09-06','1990-01-01','1990-01-01',5350,0,374.5,5724.5,'ส่งของแล้ว 19/8/64','Excl'),('PR6409-015','2564-09-06','V-043','ธานี ซัพพลาย','3858','','WC','2564-09-06','1990-01-01','1990-01-01',31680,0,2217.6,33897.6,'ส่งของแล้ว 13/7/64','Excl'),('PR6409-016','2564-09-06','V-035','บริษัท คีย์แมน อินเตอร์เนชั่นแนล จำกัด','','79331','CO','2564-09-06','1990-01-01','2564-06-12',33800,0,2366,36166,'ส่งของแล้ว 12/6/64\nตามใบสั่งซื้อ อว 64.22/2268','Excl'),('PR6409-017','2564-09-06','V-006','บริษัท ไบโอจีโนเมด จำกัด','BM 6404/103','6407095','CO','2564-09-06','1990-01-01','2564-09-06',19600,0,1372,20972,'ส่งของแล้วตามใบสั่งซื้อ อว 64.22/2269','Excl'),('PR6409-018','2564-09-06','V-024','บริษัท ดีเคเอสเอช (ประเทศไทย) จำกัด-ESSITY','','5334389234 A','CO','2564-09-06','1990-01-01','2564-07-14',85680,0,5997.6,91677.6,'ส่งของแล้ว 14/7/64 \nตามใบสั่งซื้อ อว 64.22/2265','Excl'),('PR6409-019','2564-09-06','V-003','บริษัท วี.แอนด์.วี กรุงเทพฯ จำกัด','ดท.179/64','8100770636','CO','2564-09-06','1990-01-01','2564-07-14',83411.21,0,5838.79,89250,'ส่งของแล้ว 14/7/64\nตามใบสั่งซื้อ อว 64.22/2267','Incl'),('PR6409-020','2564-09-06','V-009','บริษัท โอเร็กซ์ เทรดดิ้ง จำกัด','TTB2/1407-64','640703129','WC','2564-09-16','1990-01-01','1990-01-01',75300,0,5271,80571,'ส่งของแล้ว 14/7/64','Incl'),('PR6409-021','2564-09-06','V-013','บริษัท ดีเคเอสเอช (ประเทศไทย) จำกัด-บี.บราวน์','','5334409479 A','CO','2564-09-06','1990-01-01','2564-07-15',65000,0,4550,69550,'ส่งของแล้ว 15/7/64\nตามใบสั่งซื้อ','Incl'),('PR6409-022','2564-09-06','V-020','บริษัท ดีเคเอสเอช (ประเทศไทย) จำกัด-TERUMO','','5334449793','WC','2564-09-06','1990-01-01','1990-01-01',10600,0,742,11342,'ส่งของแล้ว 22/7/64','Excl'),('PR6409-023','2564-09-06','V-027','บริษัท ไบโอคอททอน จำกัด','BC21001608','IV21010386','WC','2564-09-16','1990-01-01','1990-01-01',14953.27,0,1046.73,16000,'ส่งของแล้ว 22/7/64','Incl'),('PR6409-024','2564-09-06','V-013','บริษัท ดีเคเอสเอช (ประเทศไทย) จำกัด-บี.บราวน์','04305884','5334391314A','CO','2564-09-06','1990-01-01','2564-07-19',30000,0,2100,32100,'ส่งของแล้ว 19/7/64\nตามใบสั่งซื้อ อว 64.22/2264','Excl'),('PR6409-025','2564-09-06','V-015','บริษัท แอนิเทค โทเทิล โซลูชั่น จำกัด','','3350176298','WC','2564-09-06','1990-01-01','1990-01-01',8400,0,588,8988,'ส่งของแล้ว3/8/64\nขาดใบเสนอราคา','Excl'),('PR6409-026','2564-09-06','V-015','บริษัท แอนิเทค โทเทิล โซลูชั่น จำกัด','','3350179156','WC','2564-09-06','1990-01-01','1990-01-01',8400,0,588,8988,'ส่งของแล้ว 30/8/64\nขาดใบเสนอราคา','Excl'),('PR6409-027','2564-09-06','V-015','บริษัท แอนิเทค โทเทิล โซลูชั่น จำกัด','','3350179155','WC','2564-09-06','1990-01-01','1990-01-01',39735,0,2781.45,42516.45,'ส่งของแล้ว 30/8/64\nขาดใบเสนอราคา','Excl'),('PR6409-028','2564-09-06','V-002','บริษัท ซิลลิค ฟาร์มา จำกัด-Zoetis','','1167870400','WC','2564-09-06','1990-01-01','1990-01-01',118749.6,0,8312.47,127062.07,'ส่งของแล้ว 3/8/64\nขาดใบเสนอราคา','Excl'),('PR6409-029','2564-09-06','V-013','บริษัท ดีเคเอสเอช (ประเทศไทย) จำกัด-บี.บราวน์','','5334577428','WC','2564-09-06','1990-01-01','1990-01-01',15000,0,1050,16050,'ส่งของแล้ว 9/8/64\nขาดใบเสนอราคา','Excl'),('PR6409-030','2564-09-06','V-007','บริษัท เบสท์เอเบิ้ลเทรดดิ้ง จำกัด','','IVชค.2564.08.04','WC','2564-09-16','1990-01-01','1990-01-01',9028.04,0,631.96,9660,'ส่งของแล้ว 20/8/64\nขาดใบเสนอราคา','Incl'),('PR6409-031','2564-09-06','V-007','บริษัท เบสท์เอเบิ้ลเทรดดิ้ง จำกัด','','IVชค.2564.08.06','WC','2564-09-16','1990-01-01','1990-01-01',94065.42,0,6584.58,100650,'ส่งของแล้ว 20/8/64\nขาดใบเสนอราคา','Incl'),('PR6409-032','2564-09-06','V-007','บริษัท เบสท์เอเบิ้ลเทรดดิ้ง จำกัด','','','WC','2564-09-16','1990-01-01','1990-01-01',74766.36,0,5233.64,80000,'ส่งของแล้ว 30/8/64\nขาดใบเสนอราคา','Incl'),('PR6409-033','2564-09-06','V-017','ห้างหุ้นส่วนจำกัด ไอเฟลเซอร์จิคอลโปรดักท์','0135/08-64','0513/08-64','WC','2564-09-16','1990-01-01','1990-01-01',21728.97,0,1521.03,23250,'ส่งของแล้ว 23/8/64','Incl'),('PR6409-034','2564-09-06','V-002','บริษัท ซิลลิค ฟาร์มา จำกัด-Zoetis','','1168005886','CO','2564-09-06','1990-01-01','2564-08-23',90000,0,6300,96300,'ส่งของแล้ว 23/8/64\nตามใบสั่งซื้อ อว 64.22/2913','Excl'),('PR6409-035','2564-09-06','V-023','บริษัท ดีทแฮล์ม เคลเลอร์ โลจิสติกส์ จำกัด-SMITH','','','CO','2564-09-06','1990-01-01','2564-08-25',14500,0,1015,15515,'ส่งของแล้ว 25/8/64\nตามใบสั่งซื้อ อว 64.22/2821','Incl'),('PR6409-036','2564-09-06','V-024','บริษัท ดีเคเอสเอช (ประเทศไทย) จำกัด-ESSITY','','5334708507 A','CO','2564-09-06','1990-01-01','2564-08-30',46800,0,3276,50076,'ส่งของแล้ว 30/8/64\nตามใบสั่งซื้อ อว 64.22/2823','Incl'),('PR6409-037','2564-09-06','V-012','บริษัท ดีเคเอสเอช (ประเทศไทย) จำกัด-Medtronic','08309352','5334729058','WC','2564-09-16','1990-01-01','1990-01-01',18691,0,1308.37,19999.37,'ส่งของแล้ว 31/8/64\nค้างส่ง 3 ชิ้น','Excl'),('PR6409-038','2564-09-06','V-029','ไฮ-แอท ไบโอเทค','Q2107-11','','WC','2564-09-06','1990-01-01','1990-01-01',21897.2,0,1532.8,23430,'รายการที่ 1-3 ส่งแล้ว 1/7/64 บิล 2107-01\nรายการที่ 4 ส่งแล้ว 5/7/64 บิล 2107-03\nรายการที่ 5-7 ส่งแล้ว 5/7/64 บิล 2107-07\nรายการที่ 8 ส่งแล้ว 5/7/64 บิล 2107-11','Excl'),('PR6409-039','2564-09-06','V-029','ไฮ-แอท ไบโอเทค','Q2010-02','','WC','2564-09-16','1990-01-01','1990-01-01',2714.95,0,190.05,2905,'','Incl'),('PR6409-040','2564-09-06','V-030','เอ็ม ที แล็บเน็ท','Q 640501','6407-02','WC','2564-09-16','1990-01-01','1990-01-01',9300,0,0,9300,'ส่งของแล้ว 1/7/64','NoVat'),('PR6409-041','2564-09-06','V-030','เอ็ม ที แล็บเน็ท','Q 640706','6407-03','WC','2564-09-06','1990-01-01','1990-01-01',2340,0,0,2340,'ส่งของแล้ว 1/7/64','NoVat'),('PR6409-042','2564-09-06','V-030','เอ็ม ที แล็บเน็ท','Q 640705','6408-01','WC','2564-09-06','1990-01-01','1990-01-01',16100,0,0,16100,'ส่งของแล้ว 5/8/64','NoVat'),('PR6409-043','2564-09-06','V-013','บริษัท ดีเคเอสเอช (ประเทศไทย) จำกัด-บี.บราวน์','08308120','','WC','2564-09-06','1990-01-01','1990-01-01',32000,0,2240,34240,'','Excl'),('PR6409-044','2564-09-06','V-013','บริษัท ดีเคเอสเอช (ประเทศไทย) จำกัด-บี.บราวน์','08309418','','WC','2564-09-06','1990-01-01','1990-01-01',46800,0,3276,50076,'','Excl'),('PR6409-045','2564-09-06','V-013','บริษัท ดีเคเอสเอช (ประเทศไทย) จำกัด-บี.บราวน์','08309379','','WC','2564-09-06','1990-01-01','1990-01-01',72000,0,5040,77040,'','Excl'),('PR6409-046','2564-09-06','V-008','บริษัท เบสท์ อีควิปเม้นท์ เซ็นเตอร์ จำกัด','QT6401554','','WC','2564-09-16','1990-01-01','1990-01-01',60560.75,0,4239.25,64800,'','Incl'),('PR6409-047','2564-09-06','V-020','บริษัท ดีเคเอสเอช (ประเทศไทย) จำกัด-TERUMO','PET-2021.08.31','','WC','2564-09-16','1990-01-01','1990-01-01',1950,0,136.5,2086.5,'','Incl'),('PR6409-048','2564-09-14','V-002','บริษัท ซิลลิค ฟาร์มา จำกัด-Zoetis','','1168055194','WC','2564-09-14','1990-01-01','1990-01-01',10800,0,756,11556,'ส่งของ 1/9/64\nขาดใบเสนอราคา','Excl'),('PR6409-049','2564-09-14','V-040','บริษัท ที.เจ.แอนนิมัล เฮลท์ จำกัด','QA-TJ210290','IV 21090001','WC','2564-09-16','1990-01-01','1990-01-01',5780.75,1220,319.25,4880,'ส่งของ 1/9/64','Incl'),('PR6409-050','2564-09-14','V-002','บริษัท ซิลลิค ฟาร์มา จำกัด-Zoetis','','1168053172','WC','2564-09-16','1990-01-01','1990-01-01',65880,0,4611.6,70491.6,'ส่งของ 2/9/64','Excl'),('PR6409-051','2564-09-14','V-043','ธานี ซัพพลาย','3880','','WC','2564-09-16','1990-01-01','1990-01-01',6420,0,449.4,6869.4,'ส่งของ 3/9/64','Excl'),('PR6409-052','2564-09-14','V-017','ห้างหุ้นส่วนจำกัด ไอเฟลเซอร์จิคอลโปรดักท์','0141/09-64','0540/09-64','WC','2564-09-16','1990-01-01','1990-01-01',23177.57,0,1622.43,24800,'','Incl'),('PR6409-053','2564-09-14','V-009','บริษัท โอเร็กซ์ เทรดดิ้ง จำกัด','TTB2/0709-64','640901532','WC','2564-09-16','1990-01-01','1990-01-01',61200,0,4284,65484,'ส่งของ 8/9/64','Incl'),('PR6409-054','2564-09-14','V-009','บริษัท โอเร็กซ์ เทรดดิ้ง จำกัด','TTB2/0709-64','640901529','WC','2564-09-16','1990-01-01','1990-01-01',31800,0,2226,34026,'ส่งของ 8/9/64','Incl'),('PR6409-055','2564-09-14','V-013','บริษัท ดีเคเอสเอช (ประเทศไทย) จำกัด-บี.บราวน์','08309418','','WC','2564-09-16','1990-01-01','1990-01-01',46800,0,3276,50076,'ส่งของแล้ว\n5334748224 Monosyn V 0 (2/9/64)\n5334735241 Monosyn V4/0 (1/9/64)\n5334737943 Monoplus V5/0 (1/9/64)','Excl'),('PR6409-056','2564-09-14','V-013','บริษัท ดีเคเอสเอช (ประเทศไทย) จำกัด-บี.บราวน์','','5334792563','WC','2564-09-16','1990-01-01','1990-01-01',24000,0,1680,25680,'','Excl');
/*!40000 ALTER TABLE `dochead` ENABLE KEYS */;
UNLOCK TABLES;

--
-- Table structure for table `docsub`
--

DROP TABLE IF EXISTS `docsub`;
/*!40101 SET @saved_cs_client     = @@character_set_client */;
/*!50503 SET character_set_client = utf8mb4 */;
CREATE TABLE `docsub` (
  `rowauto` int NOT NULL AUTO_INCREMENT,
  `docno` varchar(20) CHARACTER SET utf8 COLLATE utf8_unicode_ci NOT NULL,
  `itemcode` varchar(100) CHARACTER SET utf8 COLLATE utf8_unicode_ci NOT NULL,
  `gname` varchar(200) CHARACTER SET utf8 COLLATE utf8_unicode_ci NOT NULL,
  `bunitname` varchar(50) CHARACTER SET utf8 COLLATE utf8_unicode_ci NOT NULL,
  `qty` double NOT NULL,
  `avgamount` double NOT NULL,
  `amount` double NOT NULL,
  PRIMARY KEY (`rowauto`)
) ENGINE=InnoDB AUTO_INCREMENT=517 DEFAULT CHARSET=utf8mb3 COLLATE=utf8_unicode_ci;
/*!40101 SET character_set_client = @saved_cs_client */;

--
-- Dumping data for table `docsub`
--

LOCK TABLES `docsub` WRITE;
/*!40000 ALTER TABLE `docsub` DISABLE KEYS */;
INSERT INTO `docsub` VALUES (310,'PR6409-006','T-Silk 6/0','Silk เบอร์ 6/0 (W529H) 36 ซอง','กล่อง',2,4547,9094),(313,'PR6409-003','T-VS PREP','VS PREP PROF II RTR 12 PK','กล่อง',12,2880,34560),(314,'PR6409-003','T-หลอด Micro pipette','หลอด Micro pipette Tips','ถุง',4,0,0),(315,'PR6409-004','T-VS PHENOBARB','VS PHENOBARBITAL PROF RTR 6PK','กล่อง',4,2700,10800),(320,'PR6409-009','T-PREMICRON G2','PREMICRON G2 4X75','แพค',1,7200,7200),(321,'PR6409-009','T-PREMICRON G4','PREMICRON G4X75CM','แพค',1,8000,8000),(322,'PR6409-010','T-SNAP 4DX','SNAP 4DX PLUS 30T (99-26193)','กล่อง',10,9180,91800),(323,'PR6409-010','T-SNAP 4DX PLUS 15T','SNAP 4DX PLUS 15T (99-26192)','กล่อง',3,0,0),(324,'PR6409-010','T-SNAP 4DX 5T','SNAP 4DX PLUS 5T (99-26191)','กล่อง',4,0,0),(325,'PR6409-010','T-SNAP FELINE PROBNP','SNAP FELINE PROBNP ST KIT (99-0001173)','กล่อง',10,2856,28560),(327,'PR6409-012','T-V-BA','Immuno AU V-Bile acid (V-BA)','กล่อง',24,3800,91200),(328,'PR6409-013','T-NH3-P','FDC NH3-P','กล่อง',12,3360,40320),(329,'PR6409-014','O-กระดาษ A4','กระดาษ A4 Double A','กล่อง',10,535,5350),(330,'PR6409-015','O-ถ่าน Panasonic 2A','ถ่าน Panasonic Alkaline 2A','กล่อง',30,1056,31680),(331,'PR6409-016','MSP-กระดาษพิมพ์ภาพ UPP-110HD','กระดาษพิมพ์ภาพ ขาว-ดำ ยี่ห้อโซนี่ รุ่น UPP-110HD','ม้วน',20,290,5800),(332,'PR6409-016','MSP-กระดาษพิมพ์ภาพ UPP-110S','กระดาษพิมพ์ภาพ ขาว-ดำ ยี่ห้อโซนี่ รุ่น UPP-110S','ม้วน',50,560,28000),(333,'PR6409-017','MSP-COMBUR9','COMBUR 9','กล่อง',20,980,19600),(334,'PR6409-018','MSP-HYPAFIX','HYPAFIX 10CMX10M','กล่อง',240,195,46800),(335,'PR6409-018','MSP-SPECIALIST','SPECIALIST 100 7.5CMX3.6M','ม้วน',1440,27,38880),(336,'PR6409-019','F-NSS 500','N.S.S.500 ml','ขวด',2500,24.5,61250),(337,'PR6409-019','F-NSS IRRIGATION 1000 ml','N.S.S.IRRIGATION 1000 ml','ขวด',1000,28,28000),(340,'PR6409-021','F-SODIUM CHLORIDE','SODIUM CHLORIDE 0.9% 100 ML','ขวด',5000,13.91,69550),(341,'PR6409-022','MSP-TRIPLE 350 ML','TRIPLE 350 ML CPDA-1','แพค',10,760,7600),(342,'PR6409-022','MSP-BLOOD ADMIN SET 20 DROP','BLOOD ADMIN SET FOR BOTTLE (20DROP)','กล่อง',2,1500,3000),(344,'PR6409-024','MSP-EPICAN 20G','EPICAN PAED CAUDAL 20GX2','ชิ้น',100,150,15000),(345,'PR6409-024','MSP-EPICAN 22G','EPICAN PAED CAUDAL 22GX1','ชิ้น',100,150,15000),(349,'PR6409-027','MSP-PDS 3/0','PDSII 3/0 26MM (W9124 H)','กล่อง',5,7947,39735),(350,'PR6409-025','AM-CAT COMFORT','CAT COMFORT FLOWER SAVE PACK 2X5 LIT','ชุด',60,140,8400),(351,'PR6409-026','AM-CAT COMFORT','CAT COMFORT FLOWER SAVE PACK 2X5 LIT','ชุด',60,140,8400),(352,'PR6409-028','T-ชุดตรวจลิวคีเมียและเอดส์แมว','ชุดตรวจ ลิวคีเมียและเอดส์แมว','กล่อง',60,1869.16,112149.6),(353,'PR6409-028','T-VS AVIAN REPTILIAN','VS AVIAN REPTILIAN PROF PLUS RTR 12PK','กล่อง',1,6600,6600),(354,'PR6409-029','MSP-DAFILON 3/0','C0935352 DAFILON B 3/0 75CM DS24 36PC/PK','แพค',10,1500,15000),(362,'PR6409-034','MSP-ALPHATRAK','ALPHATRAK 2 TEST STRIPS','ชุด',120,750,90000),(363,'PR6409-035','MSP-MELOLIN','MELOLIN 10 CMX10CM','กล่อง',10,1551.5,15515),(364,'PR6409-036','MSP-HYPAFIX','HYPAFIX 10CMX10M','กล่อง',240,208.65,50076),(368,'PR6409-038','MSP-Syringe 3ML','Syringe 3ML','กล่อง',40,148,5920),(369,'PR6409-038','MSP-Needle 21Gx1','Needle 21Gx1','กล่อง',40,60,2400),(370,'PR6409-038','MSP-Needle 23Gx1','Needle 23Gx1','กล่อง',40,60,2400),(371,'PR6409-038','MSP-กระดาษแก้ว','กระดาษแก้ว','แผ่น',100,15,1500),(372,'PR6409-038','MSP-Syringe 10 ml','Syringe 10 ml','กล่อง',20,255,5100),(373,'PR6409-038','MSP-Syringe 50 ml','Syringe 50 ml','กล่อง',10,316,3160),(374,'PR6409-038','MSP-ไม้พันสำลี S','ไม้พันสำลี เบอร์ S (10 ถุง x 100 ก้าน)','ห่อ',10,220,2200),(375,'PR6409-038','MSP-Titriplex 250 g','Titriplex 250 g','ขวด',1,1340,1340),(381,'PR6409-041','AM-กระบะทรายแมว 2 ชั้น','กระบะทรายแมว 2 ชั้น','ใบ',6,390,2340),(382,'PR6409-042','AM-อาหารแมว วิสกัส 7 กก.','อาหารแมว วิสกัส 7 กก.','ถุง',20,680,13600),(383,'PR6409-042','AM-อาหารสุนัข 20 กก.','อาหารสุนัข 20 กก.','ถุง',2,1250,2500),(384,'PR6409-043','MSP-คีมจับเข็มเย็บแผล','คีมจับเข็มเย็บแผลแบบแมธิว ความยาว 170 มล.','แพค',5,6400,32000),(385,'PR6409-044','MSP-MONOSYN 0','C0022037 MONOSYN V 0 70CM HR30 36PC/PK','แพค',4,4800,19200),(386,'PR6409-044','MSP-MONOSYN 4/0','C0022141 MONOSYN V4/0 70CM DSMP19 36PC/P','แพค',3,4800,14400),(387,'PR6409-044','MSP-MONOPLUS 5/0','C0024603 MONOPLUS V 5/0 70 2HR13 36PC/PK','แพค',2,6600,13200),(388,'PR6409-045','MSP-MONOSYN 3/0','C2022025 MONOSYN V 3/0 70CM HR26 R36/PAC','แพค',15,4800,72000),(393,'PR6409-048','T-VS PHENOBARB','VS PHENOBARBITAL PROF RTR 6PK','กล่อง',4,2700,10800),(420,'PR6409-001','O-CANON (Black)','หมึก CANON G2000 รุ่น GI-790 (Black)','ขวด',40,275,11000),(421,'PR6409-001','O-CANON (Cyan)','หมึก CANON G2000 รุ่น GI-790 (Cyan)','ขวด',15,275,4125),(422,'PR6409-001','O-CANON (Magenta)','หมึก CANON G2000 รุ่น GI-790 (Magenta)','ขวด',15,275,4125),(423,'PR6409-001','O-CANON (Yellow)','หมึก CANON G2000 รุ่น GI-790 (Yellow)','ขวด',15,275,4125),(424,'PR6409-001','O-หัวพิมพ์ (Black)','หัวพิมพ์ CANON G2000 รุ่น QY6-8003-000 (Black)(CA91)','ชุด',10,930,9300),(425,'PR6409-001','O-หัวพิมพ์ (Color)','หัวพิมพ์ CANON G2000 รุ่น QY6-8003-000 (Color)(CA92)','ชุด',10,1065,10650),(426,'PR6409-001','O-Brother (Black)','หมึก BROTHER DCP-T510W รุ่น BT-D60BK (Black)','ขวด',20,225,4500),(442,'PR6409-040','AM-อาหารสุนัข 20 กก.','อาหารสุนัข 20 กก.','ถุง',2,1250,2500),(443,'PR6409-040','AM-อาหารแมว วิสกัส 7 กก.','อาหารแมว วิสกัส 7 กก.','ถุง',10,680,6800),(449,'PR6409-050','T-VS PHENOBARB','VS PHENOBARBITAL PROF RTR 6PK','กล่อง',2,2700,5400),(450,'PR6409-050','T-VS T4/CHROLESTEROL','VS T4/CHROLESTEROL RTR 12PK','กล่อง',6,4680,28080),(451,'PR6409-050','T-VS MAMALIAN LIVER','VS MAMMALIAN LIVER PROF','กล่อง',6,5400,32400),(452,'PR6409-050','T-หลอด Micro pipette','หลอด Micro pipette Tips','ถุง',4,0,0),(453,'PR6409-050','T-หลอดเก็บเลือดตัวอย่าง 0.5 มล.','หลอดเก็บเลือดตัวอย่าง ขนาด 0.5 มิลลิลิตร','ขวด',4,0,0),(454,'PR6409-051','O-กระดาษ A4','กระดาษ A4 Double A','กล่อง',12,535,6420),(464,'PR6409-055','MSP-MONOSYN 0','C0022037 MONOSYN V 0 70CM HR30 36PC/PK','แพค',4,4800,19200),(465,'PR6409-055','MSP-MONOSYN 4/0','C0022141 MONOSYN V4/0 70CM DSMP19 36PC/P','แพค',3,4800,14400),(466,'PR6409-055','MSP-MONOPLUS 5/0','C0024603 MONOPLUS V 5/0 70 2HR13 36PC/PK','แพค',2,6600,13200),(468,'PR6409-007','T-MONOPLUS 2/0','MONOPLUS V 2/0','แพค',10,5400,54000),(469,'PR6409-007','T-MONOPLUS 4/0','MONOPLUS V 4/0','แพค',1,5400,5400),(470,'PR6409-008','T-MONOSYN 2/0','MONOSYN V 2/0','แพค',10,4200,42000),(479,'PR6409-037','MSP-LIGASURE 21','EXACT DISSECTOR LF2019 LIGASSURE 21CM','ชิ้น',1,18691,18691),(480,'PR6409-002','MSP-น้ำยาตรวจวิเคราะห์','น้ำยาตรวจวิเคราะห์ BLOOD GAS รุ่น 348','ชุด',3,32100,96300),(481,'PR6409-005','T-KIDNEY','VS KIDNEY PROF PLUS RTR 12 PK','กล่อง',1,3480,3480),(482,'PR6409-011','T-PROBE','Probe Icare รหัส TP01','กล่อง',1,4000,4000),(483,'PR6409-020','MSP-Needle 18Gx1','Needle 18Gx1','กล่อง',300,54.57,16371),(484,'PR6409-020','MSP-Syringe 3ML','Syringe 3ML','กล่อง',500,128.4,64200),(485,'PR6409-023','MSP-Cotton Pad 500 G','Cotton Pad 500 G Non Sterile','กล่อง',10,1600,16000),(488,'PR6409-031','T-Vcheck cPL','Vcheck cPL (ชุดตรวจตับอ่อนอักเสบในสุนัข) 10 Kits','กล่อง',30,3355,100650),(489,'PR6409-032','MSP-Fun Bone2','Bandage Fun Bone 2 (36ม้วน)','กล่อง',40,1000,40000),(490,'PR6409-032','MSP-Fun Bone3','Bandage Fun Bone 3 (24ม้วน)','กล่อง',40,1000,40000),(491,'PR6409-033','MSP-COVER GLASS','COVER GLASS 22X22 MM','กล่อง',10,750,7500),(492,'PR6409-033','MSP-IV SET 20 DROP','IV SET 20 DROP','ชุด',1500,10.5,15750),(493,'PR6409-039','MSP-Pasteur pipette','Pasteur pipette 150 mm (250 pcs/box)','กล่อง',1,390,390),(494,'PR6409-039','MSP-Test tube','Test tube 16x100 mm. Pyrex (72 pcs/box)','กล่อง',1,1125,1125),(495,'PR6409-039','MSP-ขวดพลาสติก 2 ออนซ์','ขวดพลาสติก 2 ออนซ์','ใบ',1000,1.39,1390),(496,'PR6409-046','MSP-Cat Catheter 1.0','Buster Cat Catheter sterile with stylet 1.0x130','ชิ้น',120,255,30600),(497,'PR6409-046','MSP-Biopsy punch','KRUUSE Biopsy punch sterile 6 mm. 10/pk','ชิ้น',60,190,11400),(498,'PR6409-046','MSP-VET-LITE','VET-LITE CASTING MATERIAL 7,5 X 180 cm','ม้วน',40,570,22800),(499,'PR6409-047','MSP-IV CATHETER 16','SURFLO I.V.CATHETER 16X2 1/2','กล่อง',3,695.5,2086.5),(500,'PR6409-049','MSP-Blake Drain 8 mm','BL8 Blake Drain-8 mm Flat','ชิ้น',5,1220,6100),(501,'PR6409-052','MSP-Needle 25Gx1','Needle 25Gx1','กล่อง',40,50,2000),(502,'PR6409-052','MSP-ใบมีดผ่าตัด เบอร์ 21','ใบมีดผ่าตัด เบอร์ 21','กล่อง',30,700,21000),(503,'PR6409-052','MSP-ก๊อสแท่ง ขนาด 2','ก๊อสแท่ง ขนาด 2','โหล',10,100,1000),(504,'PR6409-052','MSP-ก๊อสแท่ง ขนาด 3','ก๊อสแท่ง ขนาด 3','โหล',10,80,800),(508,'PR6409-054','MSP-สายเอ็กซ์เทนชั่น 12\"','สายเอ็กซ์เทนชั่น NIPRO 12\"','กล่อง',50,299.6,14980),(509,'PR6409-054','MSP-สายเอ็กซ์เทนชั่น 42\"','สายเอ็กซ์เทนชั่น NIPRO 42\"','กล่อง',50,380.92,19046),(510,'PR6409-030','T-Vcheck fPL','Vcheck fPL (ชุดตรวจตับอ่อนอักเสบในแมว) 10 Kits','กล่อง',2,3755,7510),(511,'PR6409-030','T-CDV','CDV Ag Rapid Test Kit 10 Kits','กล่อง',1,2150,2150),(512,'PR6409-053','MSP-ถุงมือตรวจโรค มีแป้ง Size S','ถุงมือสำหรับตรวจโรค ชนิดมีแป้ง Size S','กล่อง',200,192.6,38520),(513,'PR6409-053','MSP-ถุงมือสำหรับตรวจโรค ชนิดมีแป้ง Size M','ถุงมือสำหรับตรวจโรค ชนิดมีแป้ง Size M','กล่อง',100,192.6,19260),(514,'PR6409-053','MSP-ถุงมือสำหรับตรวจโรค ชนิดมีแป้ง Size L','ถุงมือสำหรับตรวจโรค ชนิดมีแป้ง Size L','กล่อง',40,192.6,7704),(516,'PR6409-056','MSP-MONOSYN 3/0','C2022025 MONOSYN V 3/0 70CM HR26 R36/PAC','แพค',5,4800,24000);
/*!40000 ALTER TABLE `docsub` ENABLE KEYS */;
UNLOCK TABLES;

--
-- Table structure for table `item`
--

DROP TABLE IF EXISTS `item`;
/*!40101 SET @saved_cs_client     = @@character_set_client */;
/*!50503 SET character_set_client = utf8mb4 */;
CREATE TABLE `item` (
  `itemcode` varchar(100) CHARACTER SET utf8 COLLATE utf8_unicode_ci NOT NULL,
  `gname` varchar(200) CHARACTER SET utf8 COLLATE utf8_unicode_ci NOT NULL,
  `tname` varchar(200) CHARACTER SET utf8 COLLATE utf8_unicode_ci NOT NULL,
  `unitcode` varchar(20) CHARACTER SET utf8 COLLATE utf8_unicode_ci NOT NULL,
  `baseid` varchar(20) CHARACTER SET utf8 COLLATE utf8_unicode_ci NOT NULL,
  `createdate` date NOT NULL,
  `lastupdate` date DEFAULT NULL,
  `deletedate` date DEFAULT NULL,
  `status` varchar(3) CHARACTER SET utf8 COLLATE utf8_unicode_ci NOT NULL,
  PRIMARY KEY (`itemcode`)
) ENGINE=InnoDB DEFAULT CHARSET=utf8mb3 COLLATE=utf8_unicode_ci;
/*!40101 SET character_set_client = @saved_cs_client */;

--
-- Dumping data for table `item`
--

LOCK TABLES `item` WRITE;
/*!40000 ALTER TABLE `item` DISABLE KEYS */;
INSERT INTO `item` VALUES ('AM-CAT COMFORT','CAT COMFORT FLOWER SAVE PACK 2X5 LIT','CAT COMFORT FLOWER SAVE PACK 2X5 LIT','SET','T-006','2564-09-06','2564-09-17','1990-01-01','WC'),('AM-กระบะทรายแมว 2 ชั้น','กระบะทรายแมว 2 ชั้น','กระบะทรายแมว 2 ชั้น','LEAVES','T-006','2564-09-06','1990-01-01','1990-01-01','WC'),('AM-อาหารสุนัข 20 กก.','อาหารสุนัข 20 กก.','อาหารสุนัข 20 กก.','BAG','T-006','2564-09-06','1990-01-01','1990-01-01','WC'),('AM-อาหารแมว วิสกัส 7 กก.','อาหารแมว วิสกัส 7 กก.','อาหารแมว วิสกัส 7 กก.','BAG','T-006','2564-09-06','1990-01-01','1990-01-01','WC'),('F-ACETAR 500','ACETAR 500 ML (NO SET) (SOFT BAG)','ACETAR 500 ML (NO SET) (SOFT BAG)\r\n','BAG','T-001','2564-09-05','1990-01-01','1990-01-01','WC'),('F-NSS 500','N.S.S.500 ml','N.S.S.500 ml','BOTT','T-001','2564-09-06','1990-01-01','1990-01-01','WC'),('F-NSS IRRIGATION 1000 ml','N.S.S.IRRIGATION 1000 ml','N.S.S.IRRIGATION 1000 ml','BOTT','T-001','2564-09-06','1990-01-01','1990-01-01','WC'),('F-SODIUM CHLORIDE','SODIUM CHLORIDE 0.9% 100 ML','SODIUM CHLORIDE 0.9% 100 ML','BOTT','T-001','2564-09-06','1990-01-01','1990-01-01','WC'),('MSP-ACCUJECT 3.0','ACCUJECT 3.0-1P SINGLE-USE INJECTOR SET','ACCUJECT 3.0-1P SINGLE-USE INJECTOR SET','EACH','T-003','2564-09-06','1990-01-01','1990-01-01','WC'),('MSP-ACCUJECTT 2.1','ACCUJECT 2.1-1P SINGLE-USE INJECTOR SET','ACCUJECT 2.1-1P SINGLE-USE INJECTOR SET','EACH','T-003','2564-09-06','1990-01-01','1990-01-01','WC'),('MSP-ALPHATRAK','ALPHATRAK 2 TEST STRIPS','ALPHATRAK 2 TEST STRIPS','SET','T-003','2564-09-06','1990-01-01','1990-01-01','WC'),('MSP-Biopsy punch','KRUUSE Biopsy punch sterile 6 mm. 10/pk','KRUUSE Biopsy punch sterile 6 mm. 10/pk','EACH','T-003','2564-09-06','1990-01-01','1990-01-01','WC'),('MSP-Blake Drain 8 mm','BL8 Blake Drain-8 mm Flat','BL8 Blake Drain-8 mm Flat','EACH','T-003','2564-09-14','1990-01-01','1990-01-01','WC'),('MSP-BLOOD ADMIN SET 20 DROP','BLOOD ADMIN SET FOR BOTTLE (20DROP)','BLOOD ADMIN SET FOR BOTTLE (20DROP)','BOX','T-003','2564-09-06','2564-09-17','1990-01-01','WC'),('MSP-Cat Catheter 1.0','Buster Cat Catheter sterile with stylet 1.0x130','Buster Cat Catheter sterile with stylet 1.0x130','EACH','T-003','2564-09-06','1990-01-01','1990-01-01','WC'),('MSP-COMBUR9','COMBUR 9','COMBUR 9','BOX','T-003','2564-09-06','1990-01-01','1990-01-01','WC'),('MSP-Cotton Pad 500 G','Cotton Pad 500 G Non Sterile','Cotton Pad 500 G Non Sterile','BOX','T-003','2564-09-06','1990-01-01','1990-01-01','WC'),('MSP-COVER GLASS','COVER GLASS 22X22 MM','COVER GLASS 22X22 MM','BOX','T-003','2564-09-06','1990-01-01','1990-01-01','WC'),('MSP-DAFILON 3/0','C0935352 DAFILON B 3/0 75CM DS24 36PC/PK','C0935352 DAFILON B 3/0 75CM DS24 36PC/PK','PACK','T-003','2564-09-06','1990-01-01','1990-01-01','WC'),('MSP-EDTA 0.5 ml','Micro EDTA 0.5 ml (1000 pcs)','Micro EDTA 0.5 ml (1000 pcs)','BOX','T-003','2564-09-06','1990-01-01','1990-01-01','WC'),('MSP-EPICAN 20G','EPICAN PAED CAUDAL 20GX2','EPICAN PAED CAUDAL 20GX2','EACH','T-003','2564-09-06','2564-09-06','1990-01-01','WC'),('MSP-EPICAN 22G','EPICAN PAED CAUDAL 22GX1','EPICAN PAED CAUDAL 22GX1','EACH','T-003','2564-09-06','1990-01-01','1990-01-01','WC'),('MSP-Fun Bone2','Bandage Fun Bone 2 (36ม้วน)','Bandage Fun Bone 2 (36ม้วน)','BOX','T-003','2564-09-06','1990-01-01','1990-01-01','WC'),('MSP-Fun Bone3','Bandage Fun Bone 3 (24ม้วน)','Bandage Fun Bone 3 (24ม้วน)','BOX','T-003','2564-09-06','1990-01-01','1990-01-01','WC'),('MSP-HYPAFIX','HYPAFIX 10CMX10M','HYPAFIX 10CMX10M','BOX','T-003','2564-09-06','1990-01-01','1990-01-01','WC'),('MSP-IOL 11.25','IOL 254TXY651125','IOL 254TXY651125','EACH','T-003','2564-09-06','1990-01-01','1990-01-01','WC'),('MSP-IOL 12.25','IOL 254TXY651225','IOL 254TXY651225','EACH','T-003','2564-09-06','1990-01-01','1990-01-01','WC'),('MSP-IV CATHETER 16','SURFLO I.V.CATHETER 16X2 1/2','SURFLO I.V.CATHETER 16X2 1/2','BOX','T-003','2564-09-06','1990-01-01','1990-01-01','WC'),('MSP-IV SET 20 DROP','IV SET 20 DROP','IV SET 20 DROP','SET','T-003','2564-09-06','1990-01-01','1990-01-01','WC'),('MSP-LIGASURE 21','EXACT DISSECTOR LF2019 LIGASSURE 21CM','EXACT DISSECTOR LF2019 LIGASSURE 21CM','EACH','T-003','2564-09-06','1990-01-01','1990-01-01','WC'),('MSP-MELOLIN','MELOLIN 10 CMX10CM','MELOLIN 10 CMX10CM','BOX','T-003','2564-09-06','1990-01-01','1990-01-01','WC'),('MSP-MONOPLUS 2/0','MONOPLUS V 2/0','C2024026 MONOPLUS V2/0 70 HR26 R36EA/PK','PACK','T-003','2564-09-06','1990-01-01','1990-01-01','WC'),('MSP-MONOPLUS 4/0','MONOPLUS V 4/0','C0024014 MONOPLUS V 4/0 70CM HR17 36PC/PK','PACK','T-003','2564-09-06','1990-01-01','1990-01-01','WC'),('MSP-MONOPLUS 5/0','C0024603 MONOPLUS V 5/0 70 2HR13 36PC/PK','C0024603 MONOPLUS V 5/0 70 2HR13 36PC/PK','PACK','T-003','2564-09-06','1990-01-01','1990-01-01','WC'),('MSP-MONOSYN 0','C0022037 MONOSYN V 0 70CM HR30 36PC/PK','C0022037 MONOSYN V 0 70CM HR30 36PC/PK','PACK','T-003','2564-09-06','1990-01-01','1990-01-01','WC'),('MSP-MONOSYN 2/0','MONOSYN V 2/0','C2022026 MONOSYN V 2/0 70CM HR26 R36/PAC','PACK','T-003','2564-09-06','1990-01-01','1990-01-01','WC'),('MSP-MONOSYN 3/0','C2022025 MONOSYN V 3/0 70CM HR26 R36/PAC','C2022025 MONOSYN V 3/0 70CM HR26 R36/PAC','PACK','T-003','2564-09-06','1990-01-01','1990-01-01','WC'),('MSP-MONOSYN 4/0','C0022141 MONOSYN V4/0 70CM DSMP19 36PC/P','C0022141 MONOSYN V4/0 70CM DSMP19 36PC/P','PACK','T-003','2564-09-06','1990-01-01','1990-01-01','WC'),('MSP-Needle 18Gx1','Needle 18Gx1','Needle 18Gx1','BOX','T-003','2564-09-06','1990-01-01','1990-01-01','WC'),('MSP-Needle 21Gx1','Needle 21Gx1','Needle 21Gx1','BOX','T-003','2564-09-06','1990-01-01','1990-01-01','WC'),('MSP-Needle 23Gx1','Needle 23Gx1','Needle 23Gx1','BOX','T-003','2564-09-06','1990-01-01','1990-01-01','WC'),('MSP-Needle 25Gx1','Needle 25Gx1','Needle 25Gx1','BOX','T-003','2564-09-14','1990-01-01','1990-01-01','WC'),('MSP-Pasteur pipette','Pasteur pipette 150 mm (250 pcs/box)','Pasteur pipette 150 mm (250 pcs/box)','BOX','T-003','2564-09-06','1990-01-01','1990-01-01','WC'),('MSP-PDS 3/0','PDSII 3/0 26MM (W9124 H)','PDSII 3/0 26MM (W9124 H) 36 SC','BOX','T-003','2564-09-06','1990-01-01','1990-01-01','WC'),('MSP-PREMICRON G2','PREMICRON G2 4X75','B0026766 PREMICRON G2 4X75 HRS40 24PC/PK','PACK','T-003','2564-09-06','1990-01-01','1990-01-01','WC'),('MSP-PREMICRON G4','PREMICRON G4X75CM','B0026718 PREMICRON G4X75CM HRT43 24PC/PK','PACK','T-003','2564-09-06','1990-01-01','1990-01-01','WC'),('MSP-PROBE','Probe Icare รหัส TP01','Probe Icare รหัส TP01','BOX','T-003','2564-09-06','1990-01-01','1990-01-01','WC'),('MSP-Silk 6/0','Silk เบอร์ 6/0 (W529H) 36 ซอง','Silk เบอร์ 6/0 (W529H) 36 ซอง','BOX','T-003','2564-09-06','1990-01-01','1990-01-01','WC'),('MSP-SPECIALIST','SPECIALIST 100 7.5CMX3.6M','SPECIALIST 100 7.5CMX3.6M','ROLL','T-003','2564-09-06','1990-01-01','1990-01-01','WC'),('MSP-Syringe 10 ml','Syringe 10 ml','Syringe 10 ml','BOX','T-003','2564-09-06','1990-01-01','1990-01-01','WC'),('MSP-Syringe 3ML','Syringe 3ML','Syringe 3ML','BOX','T-003','2564-09-06','1990-01-01','1990-01-01','WC'),('MSP-Syringe 50 ml','Syringe 50 ml','Syringe 50 ml','BOX','T-003','2564-09-06','1990-01-01','1990-01-01','WC'),('MSP-Test tube','Test tube 16x100 mm. Pyrex (72 pcs/box)','Test tube 16x100 mm. Pyrex (72 pcs/box)','BOX','T-003','2564-09-06','1990-01-01','1990-01-01','WC'),('MSP-Titriplex 250 g','Titriplex 250 g','Titriplex 250 g','BOTT','T-003','2564-09-06','1990-01-01','1990-01-01','WC'),('MSP-TRIPLE 350 ML','TRIPLE 350 ML CPDA-1','TRIPLE 350 ML CPDA-1','PACK','T-003','2564-09-06','1990-01-01','1990-01-01','WC'),('MSP-VET-LITE','VET-LITE CASTING MATERIAL 7,5 X 180 cm','VET-LITE CASTING MATERIAL 7,5 X 180 cm','ROLL','T-003','2564-09-06','1990-01-01','1990-01-01','WC'),('MSP-กระดาษพิมพ์ภาพ UPP-110HD','กระดาษพิมพ์ภาพ ขาว-ดำ ยี่ห้อโซนี่ รุ่น UPP-110HD','กระดาษพิมพ์ภาพ ขาว-ดำ ยี่ห้อโซนี่ รุ่น UPP-110HD','ROLL','T-003','2564-09-06','1990-01-01','1990-01-01','WC'),('MSP-กระดาษพิมพ์ภาพ UPP-110S','กระดาษพิมพ์ภาพ ขาว-ดำ ยี่ห้อโซนี่ รุ่น UPP-110S','กระดาษพิมพ์ภาพ ขาว-ดำ ยี่ห้อโซนี่ รุ่น UPP-110S','ROLL','T-003','2564-09-06','1990-01-01','1990-01-01','WC'),('MSP-กระดาษแก้ว','กระดาษแก้ว','กระดาษแก้ว','PATCH','T-003','2564-09-06','1990-01-01','1990-01-01','WC'),('MSP-ก๊อสแท่ง ขนาด 2','ก๊อสแท่ง ขนาด 2','ก๊อสแท่ง ขนาด 2','DOZEN','T-003','2564-09-14','1990-01-01','1990-01-01','WC'),('MSP-ก๊อสแท่ง ขนาด 3','ก๊อสแท่ง ขนาด 3','ก๊อสแท่ง ขนาด 3','DOZEN','T-003','2564-09-14','1990-01-01','1990-01-01','WC'),('MSP-ขวดพลาสติก 2 ออนซ์','ขวดพลาสติก 2 ออนซ์','ขวดพลาสติก 2 ออนซ์','LEAVES','T-003','2564-09-06','1990-01-01','1990-01-01','WC'),('MSP-คีมจับเข็มเย็บแผล','คีมจับเข็มเย็บแผลแบบแมธิว ความยาว 170 มล.','BM151R MATHIEU NDL HLDRSTDGR/RCHT 170M','PACK','T-003','2564-09-06','1990-01-01','1990-01-01','WC'),('MSP-ถุงมือตรวจโรค มีแป้ง Size S','ถุงมือสำหรับตรวจโรค ชนิดมีแป้ง Size S','ถุงมือสำหรับตรวจโรค ชนิดมีแป้ง Size S','BOX','T-003','2564-09-14','1990-01-01','1990-01-01','WC'),('MSP-ถุงมือสำหรับตรวจโรค ชนิดมีแป้ง Size L','ถุงมือสำหรับตรวจโรค ชนิดมีแป้ง Size L','ถุงมือสำหรับตรวจโรค ชนิดมีแป้ง Size L','BOX','T-003','2564-09-14','1990-01-01','1990-01-01','WC'),('MSP-ถุงมือสำหรับตรวจโรค ชนิดมีแป้ง Size M','ถุงมือสำหรับตรวจโรค ชนิดมีแป้ง Size M','ถุงมือสำหรับตรวจโรค ชนิดมีแป้ง Size M','BOX','T-003','2564-09-14','1990-01-01','1990-01-01','WC'),('MSP-น้ำยาตรวจวิเคราะห์','น้ำยาตรวจวิเคราะห์ BLOOD GAS รุ่น 348','น้ำยาตรวจวิเคราะห์ BLOOD GAS รุ่น 348','SET','T-003','2564-09-05','1990-01-01','1990-01-01','WC'),('MSP-สายเอ็กซ์เทนชั่น 12\"','สายเอ็กซ์เทนชั่น NIPRO 12\"','สายเอ็กซ์เทนชั่น NIPRO 12\"','BOX','T-003','2564-09-14','1990-01-01','1990-01-01','WC'),('MSP-สายเอ็กซ์เทนชั่น 42\"','สายเอ็กซ์เทนชั่น NIPRO 42\"','สายเอ็กซ์เทนชั่น NIPRO 42\"','BOX','T-003','2564-09-14','1990-01-01','1990-01-01','WC'),('MSP-ใบมีดผ่าตัด เบอร์ 21','ใบมีดผ่าตัด เบอร์ 21','ใบมีดผ่าตัด เบอร์ 21','BOX','T-003','2564-09-14','1990-01-01','1990-01-01','WC'),('MSP-ไม้พันสำลี S','ไม้พันสำลี เบอร์ S (10 ถุง x 100 ก้าน)','ไม้พันสำลี เบอร์ S (10 ถุง x 100 ก้าน)','FURL','T-003','2564-09-06','1990-01-01','1990-01-01','WC'),('O-Brother (Black)','หมึก BROTHER DCP-T510W รุ่น BT-D60BK (Black)','หมึก BROTHER DCP-T510W รุ่น BT-D60BK (Black)','BOTT','T-005','2564-09-05','2564-09-05','1990-01-01','WC'),('O-CANON (Black)','หมึก CANON G2000 รุ่น GI-790 (Black)','หมึก CANON G2000 รุ่น GI-790 (Black)','BOTT','T-005','2564-09-05','1990-01-01','1990-01-01','WC'),('O-CANON (Cyan)','หมึก CANON G2000 รุ่น GI-790 (Cyan)','หมึก CANON G2000 รุ่น GI-790 (Cyan)','BOTT','T-005','2564-09-05','1990-01-01','1990-01-01','WC'),('O-CANON (Magenta)','หมึก CANON G2000 รุ่น GI-790 (Magenta)','หมึก CANON G2000 รุ่น GI-790 (Magenta)','BOTT','T-005','2564-09-05','1990-01-01','1990-01-01','WC'),('O-CANON (Yellow)','หมึก CANON G2000 รุ่น GI-790 (Yellow)','หมึก CANON G2000 รุ่น GI-790 (Yellow)','BOTT','T-005','2564-09-05','1990-01-01','1990-01-01','WC'),('O-กระดาษ A4','กระดาษ A4 Double A','กระดาษ A4 Double A','BOX','T-005','2564-09-06','1990-01-01','1990-01-01','WC'),('O-ถ่าน Panasonic 2A','ถ่าน Panasonic Alkaline 2A','ถ่าน Panasonic Alkaline 2A','BOX','T-005','2564-09-06','1990-01-01','1990-01-01','WC'),('O-หัวพิมพ์ (Black)','หัวพิมพ์ CANON G2000 รุ่น QY6-8003-000 (Black)(CA91)','หัวพิมพ์ CANON G2000 รุ่น QY6-8003-000 (Black)(CA91)','SET','T-005','2564-09-05','1990-01-01','1990-01-01','WC'),('O-หัวพิมพ์ (Color)','หัวพิมพ์ CANON G2000 รุ่น QY6-8019-000 (Color)(CA92)','หัวพิมพ์ CANON G2000 รุ่น QY6-8019-000 (Color)(CA92)','SET','T-005','2564-09-05','2564-09-05','1990-01-01','WC'),('T-CDV','CDV Ag Rapid Test Kit 10 Kits','CDV Ag Rapid Test Kit 10 Kits','BOX','T-002','2564-09-06','1990-01-01','1990-01-01','WC'),('T-KIDNEY','VS KIDNEY PROF PLUS RTR 12 PK','VS KIDNEY PROF PLUS RTR 12 PK','BOX','T-002','2564-09-05','1990-01-01','1990-01-01','WC'),('T-NH3-P','FDC NH3-P','FDC NH3-P 24 tests','BOX','T-002','2564-09-06','1990-01-01','1990-01-01','WC'),('T-SNAP 4DX','SNAP 4DX PLUS 30T (99-26193)','SNAP 4DX PLUS 30T (99-26193)','BOX','T-002','2564-09-06','2564-09-06','1990-01-01','WC'),('T-SNAP 4DX 5T','SNAP 4DX PLUS 5T (99-26191)','SNAP 4DX PLUS 5T (99-26191)','BOX','T-002','2564-09-06','1990-01-01','1990-01-01','WC'),('T-SNAP 4DX PLUS 15T','SNAP 4DX PLUS 15T (99-26192)','SNAP 4DX PLUS 15T (9926192)','BOX','T-002','2564-09-06','2564-09-06','1990-01-01','WC'),('T-SNAP FELINE PROBNP','SNAP FELINE PROBNP ST KIT (99-0001173)','SNAP FELINE PROBNP ST KIT (99-0001173)','BOX','T-002','2564-09-06','1990-01-01','1990-01-01','WC'),('T-V-BA','Immuno AU V-Bile acid (V-BA)','Immuno AU V-Bile acid (V-BA) 10 tests','BOX','T-002','2564-09-06','1990-01-01','1990-01-01','WC'),('T-Vcheck cPL','Vcheck cPL (ชุดตรวจตับอ่อนอักเสบในสุนัข) 10 Kits','Vcheck cPL (ชุดตรวจตับอ่อนอักเสบในสุนัข) 10 Kits','BOX','T-002','2564-09-06','1990-01-01','1990-01-01','WC'),('T-Vcheck fPL','Vcheck fPL (ชุดตรวจตับอ่อนอักเสบในแมว) 10 Kits','Vcheck fPL (ชุดตรวจตับอ่อนอักเสบในแมว) 10 Kits','BOX','T-002','2564-09-06','1990-01-01','1990-01-01','WC'),('T-VS AVIAN REPTILIAN','VS AVIAN REPTILIAN PROF PLUS RTR 12PK','VS AVIAN REPTILIAN PROF PLUS RTR 12PK','BOX','T-002','2564-09-06','1990-01-01','1990-01-01','WC'),('T-VS MAMALIAN LIVER','VS MAMMALIAN LIVER PROF','VS MAMMALIAN LIVER PROF','BOX','T-002','2564-09-14','1990-01-01','1990-01-01','WC'),('T-VS PHENOBARB','VS PHENOBARBITAL PROF RTR 6PK','VS PHENOBARBITAL PROF RTR 6PK','BOX','T-002','2564-09-05','1990-01-01','1990-01-01','WC'),('T-VS PREP','VS PREP PROF II RTR 12 PK','VS PREP PROF II RTR 12 PK','BOX','T-002','2564-09-05','2564-09-06','1990-01-01','WC'),('T-VS T4/CHROLESTEROL','VS T4/CHROLESTEROL RTR 12PK','VS T4/CHROLESTEROL RTR 12PK','BOX','T-002','2564-09-14','1990-01-01','1990-01-01','WC'),('T-ชุดตรวจลิวคีเมียและเอดส์แมว','ชุดตรวจ ลิวคีเมียและเอดส์แมว','ชุดตรวจ ลิวคีเมียและเอดส์แมว','BOX','T-002','2564-09-06','1990-01-01','1990-01-01','WC'),('T-หลอด Micro pipette','หลอด Micro pipette Tips','หลอด Micro pipette Tips','BAG','T-002','2564-09-05','1990-01-01','1990-01-01','WC'),('T-หลอดเก็บเลือดตัวอย่าง 0.5 มล.','หลอดเก็บเลือดตัวอย่าง ขนาด 0.5 มิลลิลิตร','หลอดเก็บเลือดตัวอย่าง ขนาด 0.5 มิลลิลิตร','BOTT','T-002','2564-09-14','1990-01-01','1990-01-01','WC');
/*!40000 ALTER TABLE `item` ENABLE KEYS */;
UNLOCK TABLES;

--
-- Table structure for table `stockmgnt`
--

DROP TABLE IF EXISTS `stockmgnt`;
/*!40101 SET @saved_cs_client     = @@character_set_client */;
/*!50503 SET character_set_client = utf8mb4 */;
CREATE TABLE `stockmgnt` (
  `rowauto` int NOT NULL AUTO_INCREMENT,
  `docno` varchar(20) CHARACTER SET utf8 COLLATE utf8_unicode_ci NOT NULL,
  `venderid` varchar(15) CHARACTER SET utf8 COLLATE utf8_unicode_ci NOT NULL,
  `vname` varchar(200) CHARACTER SET utf8 COLLATE utf8_unicode_ci NOT NULL,
  `confdate` date NOT NULL,
  `itemcode` varchar(100) CHARACTER SET utf8 COLLATE utf8_unicode_ci NOT NULL,
  `gname` varchar(200) CHARACTER SET utf8 COLLATE utf8_unicode_ci NOT NULL,
  `bunitname` varchar(50) CHARACTER SET utf8 COLLATE utf8_unicode_ci NOT NULL,
  `qty` double NOT NULL,
  `avgamount` double NOT NULL,
  `amount` double NOT NULL,
  PRIMARY KEY (`rowauto`)
) ENGINE=InnoDB AUTO_INCREMENT=21 DEFAULT CHARSET=utf8mb3 COLLATE=utf8_unicode_ci;
/*!40101 SET character_set_client = @saved_cs_client */;

--
-- Dumping data for table `stockmgnt`
--

LOCK TABLES `stockmgnt` WRITE;
/*!40000 ALTER TABLE `stockmgnt` DISABLE KEYS */;
INSERT INTO `stockmgnt` VALUES (1,'PR6409-036','V-024','บริษัท ดีเคเอสเอช (ประเทศไทย) จำกัด-ESSITY','2564-08-30','MSP-HYPAFIX','HYPAFIX 10CMX10M','กล่อง',240,208.65,50076),(6,'PR6409-021','V-013','บริษัท ดีเคเอสเอช (ประเทศไทย) จำกัด-บี.บราวน์','2564-07-15','F-SODIUM CHLORIDE','SODIUM CHLORIDE 0.9% 100 ML','ขวด',5000,13.91,69550),(8,'PR6409-035','V-023','บริษัท ดีทแฮล์ม เคลเลอร์ โลจิสติกส์ จำกัด-SMITH','2564-08-25','MSP-MELOLIN','MELOLIN 10 CMX10CM','กล่อง',10,1551.5,15515),(12,'PR6409-019','V-003','บริษัท วี.แอนด์.วี กรุงเทพฯ จำกัด','2564-07-14','F-NSS IRRIGATION 1000 ml','N.S.S.IRRIGATION 1000 ml','ขวด',1000,28,28000),(13,'PR6409-034','V-002','บริษัท ซิลลิค ฟาร์มา จำกัด-Zoetis','2564-08-23','MSP-ALPHATRAK','ALPHATRAK 2 TEST STRIPS','ชุด',120,750,90000),(14,'PR6409-024','V-013','บริษัท ดีเคเอสเอช (ประเทศไทย) จำกัด-บี.บราวน์','2564-07-19','MSP-EPICAN 20G','EPICAN PAED CAUDAL 20GX2','ชิ้น',100,150,15000),(15,'PR6409-024','V-013','บริษัท ดีเคเอสเอช (ประเทศไทย) จำกัด-บี.บราวน์','2564-07-19','MSP-EPICAN 22G','EPICAN PAED CAUDAL 22GX1','ชิ้น',100,150,15000),(16,'PR6409-018','V-024','บริษัท ดีเคเอสเอช (ประเทศไทย) จำกัด-ESSITY','2564-07-14','MSP-HYPAFIX','HYPAFIX 10CMX10M','กล่อง',240,195,46800),(17,'PR6409-018','V-024','บริษัท ดีเคเอสเอช (ประเทศไทย) จำกัด-ESSITY','2564-07-14','MSP-SPECIALIST','SPECIALIST 100 7.5CMX3.6M','ม้วน',1440,27,38880),(18,'PR6409-017','V-006','บริษัท ไบโอจีโนเมด จำกัด','2564-09-06','MSP-COMBUR9','COMBUR 9','กล่อง',20,980,19600),(19,'PR6409-016','V-035','บริษัท คีย์แมน อินเตอร์เนชั่นแนล จำกัด','2564-06-12','MSP-กระดาษพิมพ์ภาพ UPP-110HD','กระดาษพิมพ์ภาพ ขาว-ดำ ยี่ห้อโซนี่ รุ่น UPP-110HD','ม้วน',20,290,5800),(20,'PR6409-016','V-035','บริษัท คีย์แมน อินเตอร์เนชั่นแนล จำกัด','2564-06-12','MSP-กระดาษพิมพ์ภาพ UPP-110S','กระดาษพิมพ์ภาพ ขาว-ดำ ยี่ห้อโซนี่ รุ่น UPP-110S','ม้วน',50,560,28000);
/*!40000 ALTER TABLE `stockmgnt` ENABLE KEYS */;
UNLOCK TABLES;

--
-- Table structure for table `unit`
--

DROP TABLE IF EXISTS `unit`;
/*!40101 SET @saved_cs_client     = @@character_set_client */;
/*!50503 SET character_set_client = utf8mb4 */;
CREATE TABLE `unit` (
  `unitcode` varchar(100) CHARACTER SET utf8 COLLATE utf8_unicode_ci NOT NULL,
  `nthai` varchar(100) CHARACTER SET utf8 COLLATE utf8_unicode_ci NOT NULL,
  PRIMARY KEY (`unitcode`)
) ENGINE=InnoDB DEFAULT CHARSET=utf8mb3 COLLATE=utf8_unicode_ci;
/*!40101 SET character_set_client = @saved_cs_client */;

--
-- Dumping data for table `unit`
--

LOCK TABLES `unit` WRITE;
/*!40000 ALTER TABLE `unit` DISABLE KEYS */;
INSERT INTO `unit` VALUES ('AMP','แอมพูล'),('BAG','ถุง'),('BODY','ตัว'),('BOOK','เล่ม'),('BOTT','ขวด'),('BOX','กล่อง'),('CABINET','ตู้'),('CAN','กระป๋อง'),('CAPSULE','แคปซูล'),('CASS','ตลับ'),('CC','ซีซี'),('CM','เซนติเมตร'),('DOSE','โดส'),('DOZEN','โหล'),('EACH','ชิ้น'),('ENVELOPE','ซอง'),('FOOT','ฟุต'),('FURL','ห่อ'),('GAL','แกลลอน'),('ITEM','อัน'),('KILOGRAM','กิโลกรัม'),('KM','กิโลเมตร'),('LEAVES','ใบ'),('LINE','เส้น'),('LITRE','ลิตร'),('M','เมตร'),('MACHINE','เครื่อง'),('MASS','ลูก'),('MIG','มิลลิกรัม'),('ML','มิลลิลิตร'),('PACK','แพค'),('PACKAGE','แพ็คเกจ'),('PAIR','คู่'),('PARC','ผืน'),('PATCH','แผ่น'),('PIECE','ชิ้น'),('POT','กระปุก'),('REAMS','รีม'),('ROLL','ม้วน'),('SET','ชุด'),('SHAFT','ด้าม'),('STICK','แท่ง'),('TAB','เม็ด'),('TANK','แท็งก์'),('TUBE','หลอด'),('UNIT','หน่วย');
/*!40000 ALTER TABLE `unit` ENABLE KEYS */;
UNLOCK TABLES;

--
-- Table structure for table `user`
--

DROP TABLE IF EXISTS `user`;
/*!40101 SET @saved_cs_client     = @@character_set_client */;
/*!50503 SET character_set_client = utf8mb4 */;
CREATE TABLE `user` (
  `username` varchar(30) CHARACTER SET utf8 COLLATE utf8_unicode_ci NOT NULL,
  `password` varchar(30) CHARACTER SET utf8 COLLATE utf8_unicode_ci NOT NULL,
  PRIMARY KEY (`username`)
) ENGINE=InnoDB DEFAULT CHARSET=utf8mb3 COLLATE=utf8_unicode_ci;
/*!40101 SET character_set_client = @saved_cs_client */;

--
-- Dumping data for table `user`
--

LOCK TABLES `user` WRITE;
/*!40000 ALTER TABLE `user` DISABLE KEYS */;
INSERT INTO `user` VALUES ('admin','admin');
/*!40000 ALTER TABLE `user` ENABLE KEYS */;
UNLOCK TABLES;

--
-- Table structure for table `vender`
--

DROP TABLE IF EXISTS `vender`;
/*!40101 SET @saved_cs_client     = @@character_set_client */;
/*!50503 SET character_set_client = utf8mb4 */;
CREATE TABLE `vender` (
  `venderid` varchar(15) CHARACTER SET utf8 COLLATE utf8_unicode_ci NOT NULL,
  `vname` varchar(200) CHARACTER SET utf8 COLLATE utf8_unicode_ci NOT NULL,
  `sname` varchar(200) CHARACTER SET utf8 COLLATE utf8_unicode_ci NOT NULL,
  `tel` varchar(50) CHARACTER SET utf8 COLLATE utf8_unicode_ci NOT NULL,
  PRIMARY KEY (`venderid`)
) ENGINE=InnoDB DEFAULT CHARSET=utf8mb3 COLLATE=utf8_unicode_ci;
/*!40101 SET character_set_client = @saved_cs_client */;

--
-- Dumping data for table `vender`
--

LOCK TABLES `vender` WRITE;
/*!40000 ALTER TABLE `vender` DISABLE KEYS */;
INSERT INTO `vender` VALUES ('V-001','บริษัท ซิลลิค ฟาร์มา จำกัด-THAI OTSUKA','คุณนก','084-438-3430'),('V-002','บริษัท ซิลลิค ฟาร์มา จำกัด-Zoetis','หมอกิ๊ก','090-950-5599'),('V-003','บริษัท วี.แอนด์.วี กรุงเทพฯ จำกัด','คุณจ๊อย','062-597-9410'),('V-004','บริษัท เพ็ด เอ็กซ์ จำกัด','หมอก้ามปู','090-090-5145'),('V-005','บริษัท เอ็น พี อินเตอร์เทรด จำกัด','คุณออม','090-954-8384'),('V-006','บริษัท ไบโอจีโนเมด จำกัด','คุณเบญ','081-489-3423'),('V-007','บริษัท เบสท์เอเบิ้ลเทรดดิ้ง จำกัด','หมอจ๊ง','081-812-8136'),('V-008','บริษัท เบสท์ อีควิปเม้นท์ เซ็นเตอร์ จำกัด','หมอเจี๊ยบ','094-419-6407'),('V-009','บริษัท โอเร็กซ์ เทรดดิ้ง จำกัด','คุณแชมป์','086-334-4853'),('V-010','บริษัท กู๊ดไลฟ์ (ประเทศไทย) จำกัด','คุณปุ้ย','Line'),('V-011','บริษัท เจ.เอฟ.แอดวาน เมด จำกัด','คุณจอย','082-704-8919'),('V-012','บริษัท ดีเคเอสเอช (ประเทศไทย) จำกัด-Medtronic','คุณเมย์','092-247-1056'),('V-013','บริษัท ดีเคเอสเอช (ประเทศไทย) จำกัด-บี.บราวน์','หมอเก๋','061-419-2577'),('V-014','บริษัท เอ็ม ไลฟ์ เมด จำกัด','คุณอูฐ','084-933-3550'),('V-015','บริษัท แอนิเทค โทเทิล โซลูชั่น จำกัด','หมอป้อม','084-770-6447'),('V-016','บริษัท ไอแคร์ เมดิคัล จำกัด','คุณนุ้ย','089-768-5164'),('V-017','ห้างหุ้นส่วนจำกัด ไอเฟลเซอร์จิคอลโปรดักท์','คุณธีรยุทธ','086-733-5438'),('V-018','บริษัท โนเวล ฟาร์ม่าเทค จำกัด','บริษัท','0-2734-0197'),('V-019','บริษัท โซอา เมดดิคอลเทค (ประเทศไทย) จำกัด','คุณแป้ง','081-975-6391'),('V-020','บริษัท ดีเคเอสเอช (ประเทศไทย) จำกัด-TERUMO','หมอส้ม','086-094-5858'),('V-021','บริษัท ดีเคเอสเอช (ประเทศไทย) จำกัด-ALCON','คุณฝน','089-202-9806'),('V-022','ห้างหุ้นส่วนจำกัด อินทิเมท เทรดดิ้ง','คุณนิกกี้ (แนน)','081-357-1110'),('V-023','บริษัท ดีทแฮล์ม เคลเลอร์ โลจิสติกส์ จำกัด-SMITH','คุณเอ็ม','081-826-7090'),('V-024','บริษัท ดีเคเอสเอช (ประเทศไทย) จำกัด-ESSITY','คุณโอ','LINE'),('V-025','บริษัท เทรดแมกซ์ อินเตอร์เนชั่นแนล จำกัด','คุณแอน','084-874-2023'),('V-026','บริษัท ไทยก๊อส จำกัด','คุณเป๊กกี้','LINE'),('V-027','บริษัท ไบโอคอททอน จำกัด','คุณนุ่น','063-202-7262'),('V-028','บริษัท ดีเคเอสเอช (ประเทศไทย) จำกัด-3M','คุณนัน','095-761-3127'),('V-029','ไฮ-แอท ไบโอเทค','คุณอาทิตย์','LINE'),('V-030','เอ็ม ที แล็บเน็ท','คุณอาทิตย์','LINE'),('V-031','บริษัท แปซิฟิค เฮลธ์แคร์ (ไทยแลนด์) จำกัด','คุณบี','083-244-5450'),('V-032','บริษัท โอเชี่ยนเมด จำกัด','บริษัท','0-2291-4749'),('V-033','บริษัท แอดวานซ์ สเตอริไลเซชั่น โปรดักส์ (ไทยแลนด์) จำกัด','คุณอ๋อย','086-334-1572'),('V-034','บริษัท กอบทองโพลีแพค 2004 จำกัด','คุณมนตรี','LINE'),('V-035','บริษัท คีย์แมน อินเตอร์เนชั่นแนล จำกัด','บริษัท','0-2931-0841'),('V-036','บริษัท อาร์เอ็กซ์ จำกัด','คุณโอ','089-933-3550'),('V-037','บริษัท เคมิเคิล เอ็กซ์เพรส จำกัด','บริษัท','0-2740-4271-6'),('V-038','บริษัท อี ฟอร์ แอล เอม จำกัด (มหาชน)','คุณปารณี','062-362-2656'),('V-039','บริษัท กีซเซ่ จำกัด','บริษัท','LINE'),('V-040','บริษัท ที.เจ.แอนนิมัล เฮลท์ จำกัด','คุณโบว์','081-173-8617'),('V-041','บริษัท ด็อกฟิตเฟิร์ม จำกัด','หมอทิพย์','097-251-6125'),('V-042','บริษัท อาฟต้า เซอร์วิส แอนด์ ซัพพลาย จำกัด','คุณลัลน์ธิตา','086-356-7389'),('V-043','ธานี ซัพพลาย','พี่คิ้ม','LINE'),('V-044','บริษัท เอ็น พี เค มาสเตอร์แพลน จำกัด','บริษัท','086-461-9644'),('V-045','ร้าน เอส เอส ซัพพลาย','คุณกล่อง','LINE'),('V-046','บริษัท ริบบอน (ไทยแลนด์) จำกัด','คุณออย','LINE'),('V-047','บริษัท ดั๊บเบิ้ล เอ ดิจิตอล ซินเนอร์จี จำกัด','คุณวรินทร','LINE'),('V-048','บริษัท สหธุรกิจ จำกัด','บริษัท','0-2280-5650-8');
/*!40000 ALTER TABLE `vender` ENABLE KEYS */;
UNLOCK TABLES;
/*!40103 SET TIME_ZONE=@OLD_TIME_ZONE */;

/*!40101 SET SQL_MODE=@OLD_SQL_MODE */;
/*!40014 SET FOREIGN_KEY_CHECKS=@OLD_FOREIGN_KEY_CHECKS */;
/*!40014 SET UNIQUE_CHECKS=@OLD_UNIQUE_CHECKS */;
/*!40101 SET CHARACTER_SET_CLIENT=@OLD_CHARACTER_SET_CLIENT */;
/*!40101 SET CHARACTER_SET_RESULTS=@OLD_CHARACTER_SET_RESULTS */;
/*!40101 SET COLLATION_CONNECTION=@OLD_COLLATION_CONNECTION */;
/*!40111 SET SQL_NOTES=@OLD_SQL_NOTES */;

-- Dump completed on 2021-09-19 12:22:41
